{
  "MNIST": {
    "dataset": "MNIST",
    "n_seeds": 5,
    "config": {
      "epochs": 30,
      "distill_epochs": 10,
      "distill_lr": 0.0001,
      "T": 2.0,
      "lambda_kd": 0.5,
      "bb_h": 384,
      "emb": 32,
      "pod_h": 24
    },
    "per_seed": [
      {
        "base": {
          "routing": 0.9838999509811401,
          "system": 0.9838999509811401,
          "oracle": 1.0
        },
        "d5_soft": {
          "routing": 0.9817999601364136,
          "system": 0.9817999601364136,
          "oracle": 1.0
        },
        "d5_oracle": {
          "routing": 0.9821999669075012,
          "system": 0.9821999669075012,
          "oracle": 1.0
        },
        "d5_self": {
          "routing": 0.9821999669075012,
          "system": 0.9821999669075012,
          "oracle": 1.0
        }
      },
      {
        "base": {
          "routing": 0.983299970626831,
          "system": 0.983299970626831,
          "oracle": 1.0
        },
        "d5_soft": {
          "routing": 0.9829999804496765,
          "system": 0.9829999804496765,
          "oracle": 1.0
        },
        "d5_oracle": {
          "routing": 0.982699990272522,
          "system": 0.982699990272522,
          "oracle": 1.0
        },
        "d5_self": {
          "routing": 0.9824999570846558,
          "system": 0.9824999570846558,
          "oracle": 1.0
        }
      },
      {
        "base": {
          "routing": 0.9840999841690063,
          "system": 0.9840999841690063,
          "oracle": 1.0
        },
        "d5_soft": {
          "routing": 0.9838999509811401,
          "system": 0.9838999509811401,
          "oracle": 1.0
        },
        "d5_oracle": {
          "routing": 0.9840999841690063,
          "system": 0.9840999841690063,
          "oracle": 1.0
        },
        "d5_self": {
          "routing": 0.9839999675750732,
          "system": 0.9839999675750732,
          "oracle": 1.0
        }
      },
      {
        "base": {
          "routing": 0.9829999804496765,
          "system": 0.9829999804496765,
          "oracle": 1.0
        },
        "d5_soft": {
          "routing": 0.983199954032898,
          "system": 0.983199954032898,
          "oracle": 1.0
        },
        "d5_oracle": {
          "routing": 0.9825999736785889,
          "system": 0.9825999736785889,
          "oracle": 1.0
        },
        "d5_self": {
          "routing": 0.9825999736785889,
          "system": 0.9825999736785889,
          "oracle": 1.0
        }
      },
      {
        "base": {
          "routing": 0.9837999939918518,
          "system": 0.9837999939918518,
          "oracle": 1.0
        },
        "d5_soft": {
          "routing": 0.9835999608039856,
          "system": 0.9835999608039856,
          "oracle": 1.0
        },
        "d5_oracle": {
          "routing": 0.9833999872207642,
          "system": 0.9833999872207642,
          "oracle": 1.0
        },
        "d5_self": {
          "routing": 0.9835999608039856,
          "system": 0.9835999608039856,
          "oracle": 1.0
        }
      }
    ],
    "stats": {
      "base": {
        "routing": {
          "mean": 0.9836,
          "std": 0.0005,
          "min": 0.983,
          "max": 0.9841
        },
        "system": {
          "mean": 0.9836,
          "std": 0.0005,
          "min": 0.983,
          "max": 0.9841
        },
        "oracle": {
          "mean": 1.0,
          "std": 0.0,
          "min": 1.0,
          "max": 1.0
        }
      },
      "d5_soft": {
        "routing": {
          "mean": 0.9831,
          "std": 0.0008,
          "min": 0.9818,
          "max": 0.9839
        },
        "system": {
          "mean": 0.9831,
          "std": 0.0008,
          "min": 0.9818,
          "max": 0.9839
        },
        "oracle": {
          "mean": 1.0,
          "std": 0.0,
          "min": 1.0,
          "max": 1.0
        }
      },
      "d5_oracle": {
        "routing": {
          "mean": 0.983,
          "std": 0.0008,
          "min": 0.9822,
          "max": 0.9841
        },
        "system": {
          "mean": 0.983,
          "std": 0.0008,
          "min": 0.9822,
          "max": 0.9841
        },
        "oracle": {
          "mean": 1.0,
          "std": 0.0,
          "min": 1.0,
          "max": 1.0
        }
      },
      "d5_self": {
        "routing": {
          "mean": 0.983,
          "std": 0.0008,
          "min": 0.9822,
          "max": 0.984
        },
        "system": {
          "mean": 0.983,
          "std": 0.0008,
          "min": 0.9822,
          "max": 0.984
        },
        "oracle": {
          "mean": 1.0,
          "std": 0.0,
          "min": 1.0,
          "max": 1.0
        }
      }
    }
  },
  "Fashion-MNIST": {
    "dataset": "Fashion-MNIST",
    "n_seeds": 5,
    "config": {
      "epochs": 30,
      "distill_epochs": 10,
      "distill_lr": 0.0001,
      "T": 2.0,
      "lambda_kd": 0.5,
      "bb_h": 384,
      "emb": 32,
      "pod_h": 24
    },
    "per_seed": [
      {
        "base": {
          "routing": 0.8947999477386475,
          "system": 0.8955000042915344,
          "oracle": 0.9574999809265137
        },
        "d5_soft": {
          "routing": 0.8970999717712402,
          "system": 0.8842999935150146,
          "oracle": 0.9382999539375305
        },
        "d5_oracle": {
          "routing": 0.8947999477386475,
          "system": 0.8750999569892883,
          "oracle": 0.9289000034332275
        },
        "d5_self": {
          "routing": 0.8973999619483948,
          "system": 0.8815999627113342,
          "oracle": 0.9343000054359436
        }
      },
      {
        "base": {
          "routing": 0.8887999653816223,
          "system": 0.8934999704360962,
          "oracle": 0.9572999477386475
        },
        "d5_soft": {
          "routing": 0.8942999839782715,
          "system": 0.8720999956130981,
          "oracle": 0.9193999767303467
        },
        "d5_oracle": {
          "routing": 0.8956999778747559,
          "system": 0.8743999600410461,
          "oracle": 0.92249995470047
        },
        "d5_self": {
          "routing": 0.8944999575614929,
          "system": 0.8678999543190002,
          "oracle": 0.9143999814987183
        }
      },
      {
        "base": {
          "routing": 0.8962999582290649,
          "system": 0.8953999876976013,
          "oracle": 0.9593999981880188
        },
        "d5_soft": {
          "routing": 0.8930999636650085,
          "system": 0.8608999848365784,
          "oracle": 0.9139999747276306
        },
        "d5_oracle": {
          "routing": 0.894599974155426,
          "system": 0.8588999509811401,
          "oracle": 0.9144999980926514
        },
        "d5_self": {
          "routing": 0.8933999538421631,
          "system": 0.8610000014305115,
          "oracle": 0.9158999919891357
        }
      },
      {
        "base": {
          "routing": 0.8955999612808228,
          "system": 0.8944000005722046,
          "oracle": 0.9642999768257141
        },
        "d5_soft": {
          "routing": 0.8942999839782715,
          "system": 0.8765999674797058,
          "oracle": 0.9408999681472778
        },
        "d5_oracle": {
          "routing": 0.8962000012397766,
          "system": 0.8812999725341797,
          "oracle": 0.9452999830245972
        },
        "d5_self": {
          "routing": 0.8934999704360962,
          "system": 0.8784999847412109,
          "oracle": 0.9420999884605408
        }
      },
      {
        "base": {
          "routing": 0.8949999809265137,
          "system": 0.8962000012397766,
          "oracle": 0.9544000029563904
        },
        "d5_soft": {
          "routing": 0.8966999650001526,
          "system": 0.8614999651908875,
          "oracle": 0.9190999865531921
        },
        "d5_oracle": {
          "routing": 0.8968999981880188,
          "system": 0.8580999970436096,
          "oracle": 0.9151999950408936
        },