{
  "experiment": "D6_cnn_backbone",
  "device": "cuda",
  "n_seeds": 5,
  "epochs": 30,
  "datasets": {
    "Fashion-MNIST": {
      "per_seed": [
        {
          "mlp": {
            "routing": 0.8899999856948853,
            "system": 0.8964999914169312,
            "oracle": 0.9509999752044678
          },
          "cnn": {
            "routing": 0.9176999926567078,
            "system": 0.9192000031471252,
            "oracle": 0.9690999984741211
          },
          "mlp_mac": {
            "backbone": 200704,
            "routing": 8512,
            "pod": 6384,
            "total_top1": 215600
          },
          "cnn_mac": {
            "backbone": 4239872,
            "routing": 4416,
            "pod": 3312,
            "total_top1": 4247600
          }
        },
        {
          "mlp": {
            "routing": 0.8935999870300293,
            "system": 0.899399995803833,
            "oracle": 0.9544000029563904
          },
          "cnn": {
            "routing": 0.9170999526977539,
            "system": 0.91839998960495,
            "oracle": 0.9810999631881714
          },
          "mlp_mac": {
            "backbone": 200704,
            "routing": 8512,
            "pod": 6384,
            "total_top1": 215600
          },
          "cnn_mac": {
            "backbone": 4239872,
            "routing": 4416,
            "pod": 3312,
            "total_top1": 4247600
          }
        },
        {
          "mlp": {
            "routing": 0.8946999907493591,
            "system": 0.8962000012397766,
            "oracle": 0.9585999846458435
          },
          "cnn": {
            "routing": 0.9178999662399292,
            "system": 0.9199000000953674,
            "oracle": 0.9789999723434448
          },
          "mlp_mac": {
            "backbone": 200704,
            "routing": 8512,
            "pod": 6384,
            "total_top1": 215600
          },
          "cnn_mac": {
            "backbone": 4239872,
            "routing": 4416,
            "pod": 3312,
            "total_top1": 4247600
          }
        },
        {
          "mlp": {
            "routing": 0.8930999636650085,
            "system": 0.8938999772071838,
            "oracle": 0.9598000049591064
          },
          "cnn": {
            "routing": 0.9210000038146973,
            "system": 0.9214999675750732,
            "oracle": 0.98499995470047
          },
          "mlp_mac": {
            "backbone": 200704,
            "routing": 8512,
            "pod": 6384,
            "total_top1": 215600
          },
          "cnn_mac": {
            "backbone": 4239872,
            "routing": 4416,
            "pod": 3312,
            "total_top1": 4247600
          }
        },
        {
          "mlp": {
            "routing": 0.8937000036239624,
            "system": 0.8944999575614929,
            "oracle": 0.9506999850273132
          },
          "cnn": {
            "routing": 0.9204999804496765,
            "system": 0.9205999970436096,
            "oracle": 0.9905999898910522
          },
          "mlp_mac": {
            "backbone": 200704,
            "routing": 8512,
            "pod": 6384,
            "total_top1": 215600
          },
          "cnn_mac": {
            "backbone": 4239872,
            "routing": 4416,
            "pod": 3312,
            "total_top1": 4247600
          }
        }
      ],
      "agg": {
        "mlp_routing": {
          "mean": 0.893,
          "std": 0.0018,
          "min": 0.89,
          "max": 0.8947
        },
        "mlp_system": {
          "mean": 0.8961,
          "std": 0.0021,
          "min": 0.8939,
          "max": 0.8994
        },
        "mlp_oracle": {
          "mean": 0.9549,
          "std": 0.0042,
          "min": 0.9507,
          "max": 0.9598
        },
        "cnn_routing": {
          "mean": 0.9188,
          "std": 0.0018,
          "min": 0.9171,
          "max": 0.921
        },
        "cnn_system": {
          "mean": 0.9199,
          "std": 0.0012,
          "min": 0.9184,
          "max": 0.9215
        },
        "cnn_oracle": {
          "mean": 0.981,
          "std": 0.008,
          "min": 0.9691,
          "max": 0.9906
        },
        "delta_system_pp": {
          "mean": 2.382,
          "std": 0.3316,
          "min": 1.9,
          "max": 2.76
        },
        "mlp_mac_total": 215600,
        "cnn_mac_total": 4247600,
        "verdict": "SYGNAL+"
      }
    },
    "MNIST": {
      "per_seed": [
        {
          "mlp": {
            "routing": 0.9828999638557434,
            "system": 0.9828999638557434,
            "oracle": 1.0
          },
          "cnn": {
            "routing": 0.9918999671936035,
            "system": 0.9918999671936035,
            "oracle": 1.0
          },
          "mlp_mac": {
            "backbone": 200704,
            "routing": 8512,
            "pod": 6384,
            "total_top1": 215600
          },
          "cnn_mac": {
            "backbone": 4239872,
            "routing": 4416,
            "pod": 3312,
            "total_top1": 4247600
          }
        },
        {
          "mlp": {
            "routing": 0.9827999472618103,
            "system": 0.9827999472618103,
            "oracle": 1.0
          },
          "cnn": {
            "routing": 0.9928999543190002,
            "system": 0.9928999543190002,
            "oracle": 1.0
          },
          "mlp_mac": {
            "backbone": 200704,
            "routing": 8512,
            "pod": 6384,
            "total_top1": 215600
          },
          "cnn_mac": {
            "backbone": 4239872,
            "routing": 4416,
            "pod": 3312,
            "total_top1": 4247600
          }
        },
        {
          "mlp": {
            "routing": 0.9839999675750732,
            "system": 0.9839999675750732,
            "oracle": 1.0
          },
          "cnn": {
            "routing": 0.991599977016449,
            "system": 0.991599977016449,
            "oracle": 1.0
          },
          "mlp_mac": {
            "backbone": 200704,
            "routing": 8512,
            "pod": 6384,
            "total_top1": 215600
          },
          "cnn_mac": {
            "backbone": 4239872,
            "routing": 4416,
            "pod": 3312,
            "total_top1": 4247600
          }
        },
        {
          "mlp": {
            "routing": 0.9835000038146973,
            "system": 0.9835000038146973,
            "oracle": 1.0
          },
          "cnn": {
            "routing": 0.9916999936103821,
            "system": 0.9916999936103821,
            "oracle": 1.0
          },
          "mlp_mac": {
            "backbone": 200704,
            "routing": 8512,
            "pod": 6384,
            "total_top1": 215600
          },
          "cnn_mac": {
            "backbone": 4239872,
            "routing": 4416,
            "pod": 3312,
            "total_top1": 4247600
          }
        },
        {
          "mlp": {
            "routing": 0.9835999608039856,
            "system": 0.9835999608039856,
            "oracle": 1.0
          },
          "cnn": {
            "routing": 0.991599977016449,
            "system": 0.991599977016449,
            "oracle": 1.0
          },
          "mlp_mac": {
            "backbone": 200704,
            "routing": 8512,
            "pod": 6384,
            "total_top1": 215600
          },
          "cnn_mac": {
            "backbone": 4239872,
            "routing": 4416,
            "pod": 3312,
            "total_top1": 4247600
          }
        }
      ],
      "agg": {
        "mlp_routing": {
          "mean": 0.9834,
          "std": 0.0005,
          "min": 0.9828,
          "max": 0.984
        },
        "mlp_system": {
          "mean": 0.9834,
          "std": 0.0005,
          "min": 0.9828,
          "max": 0.984
        },
        "mlp_oracle": {
          "mean": 1.0,
          "std": 0.0,
          "min": 1.0,
          "max": 1.0
        },